albatross	A very big sea bird. Its wing can be very long.
ammunition	Things that a gun shoots, and other things that go off with a big noise.
amulet	A small thing that people wear because they believe it keeps bad things away.
anachronism	A thing that is from an earlier time and does not fit in the time now.
ankus	A metal stick with a point and a bend at the end. The driver uses it to guide his big animal.
anna	A small old Indian money piece.
art	An old word for 'are'. It goes with the old word for 'you'.
astrakhan	The soft hair of very young farm animals. People use it for warm head covers.
baggage	The bags and boxes that people take with them when they travel.
bloodhound	A big dog that is very good at finding people by following where they went.
blubber	The thick fat of big sea animals.
breastplate	A band across the front of a horse.
brickbats	Pieces of broken building stone that people throw at someone.
brigadier	An army officer with a very high place. He is over many men.
bruised	With dark places on the skin, after being hit.
bullock	A male farm animal that is used for work.
campaigner	A man who has been in many wars for a long time.
canst	An old word for 'can'. It goes with the old word for 'you'.
cobra	A very bad animal with no legs. It can spread out the skin round its neck.
comber	A long, high sea water that rolls in to the land.
conch	A big shell from the sea. If you put it to your mouth and push air in, it makes a loud sound.
coppersmith	In this story, the name of a bird. Its call sounds like a small tool on metal.
crupper	A band that goes under a horse's tail to keep the seat in place.
cub	A young wild animal that has just been born. The book also calls a human child a man cub.
cuffed	Hit with the open hand.
dant	A word from India. The boy shouts it to tell the elephant to fight with the long teeth that stick out of its mouth.
dewanee	In the book, an animal word for the madness of a sick animal. The book says it means 'the madness'.
didst	An old word for 'did'. It goes with the old word for 'you'.
dost	An old word for 'do'. It goes with the old word for 'you'.
draggled	Wet and not clean.
drouth	A long time with no rain and a lot of heat. It is an old way to write a different word that means this.
dunghill	A big place where the waste of animals is put.
fathom	A measure of how deep the sea is. One fathom is six feet.
formation	The way men or animals are put in lines or groups.
forsooth	Truly. People use it as a joke or to show that they do not respect someone.
galls	Places on the skin that hurt, because something has been pushing on them again and again.
game	Wild animals that people look for and kill for food.
gore	To hurt with the horns, by pushing them into the body.
grubbing	Looking for things in the earth with the hands or nose.
harness	The bands that go on a horse so that it can pull or carry things.
hast	An old word for 'have'. It goes with the old word for 'you'.
hocks	The joints in the middle of the back legs of a horse.
holluschickie	In this story, the young male animals of the sea that have no wives yet. They stay in their own places on the beach.
hood	The wide, flat skin round the neck of an animal that is very bad for people. It spreads out when the animal is angry.
howdah	A seat for people to sit in on the back of a very big animal.
hukm	A word from India. The book says it means an order.
huqa	A big thing for smoking that old men use. The smoke goes through water.
idol	A model of a god. People give it their love and honor.
insubordinate	Not willing to do what you are told.
jackass	A male animal like a small horse, but with long ears.
keddah	In this story, the strong place with a wall of posts, where wild animals are caught.
kerosene	A kind of oil that gives light when it is on fire.
kine	An old word for farm animals, such as the ones that give milk.
kite	A big bird that eats dead animals. It has a wide wing on each side.
lacquered	Covered with hard, shiny color.
litter	Little bits of dry leaves and other waste on the ground.
lullaby	A soft song that you sing to help a child go to sleep.
mahout	A man who rides a very big animal and takes care of it.
manling	A small man. Here the animals use it for a boy.
maro	A word from India. The book says that Maro means Hit him.
masonry	Work that is made of stone.
mayest	An old word for 'may'. It goes with the old word for 'you'.
mongoose	A small animal with soft hair. It fights and kills animals with no legs that bite.
muskrat	A small animal that lives near water.
pachydermatous	Having a very thick skin.
pad	A thick, soft piece of cloth or skin that protects the body.
pandemonium	A place of great noise and mixed-up action.
perpendicular	Going straight up and down.
picket	A strong post in the ground. An animal is held to it by a rope.
poltoos	A Russian word. The book says it means a kind of big flat fish.
presumptuous	Too sure of yourself; acting as if you are more important than you are.
quarry	An animal that someone wants to catch and kill.
quarters	The place where a person or animal lives for a time.
recruit	A new man in the army, or a new animal that has just joined the group.
rigging	The ropes that hold up the big cloths on a ship.
rupee	A piece of money used in India.
salute	A sign of respect. Here the big animals raise their long noses.
sambhur	A big wild animal of India that has horns and runs fast.
scoochnie	A Russian word. The book says it means lonely.
sergeant	A man in the army who gives orders to the men below him.
shackled	Held by a ring on the leg.
shalt	An old word for 'shall'. It goes with the old word for 'you'.
shoal	A big group of fish that go through the water together.
shouldst	An old word for 'should'. It goes with the old word for 'you'.
singe	To make hair or skin a little black with fire.
slink	To go away quietly so that no one sees you, because you feel afraid or bad.
sluice	A small hole that lets water run out.
slush	Wet, soft ice, or soft wet earth.
snakeling	A very young or small animal with no legs that moves on its body.
spring	To jump suddenly and fast.
stockade	A strong wall made of tall posts, to keep animals or people in.
sweeper	In India, a person who is paid to clean and take away waste.
tailorbird	A small bird that joins leaves together to make its home.
tale	A story.
thatch	A cover for a house, made of dry grass.
thicket	A thick group of small trees and low plants.
tingle	To feel as if many small points touch your skin.
tracker	A person who follows the signs that animals leave on the ground.
trample	To walk or run on something and break it.
trumpeting	The loud sound that a very big animal makes with its long nose.
tulsi	A plant that the book calls holy.
tussocks	Thick groups of grass that grow higher than the grass round them.
wallow	To lie and move about in water or wet earth, because it feels good.
walrus	A big sea animal with two very long teeth.
wast	An old word for 'was'. It goes with the old word for 'you'.
wigwam	A small round house made of skins or cloth. Some Native Americans lived in them.
wilt	An old word for 'will'. It goes with the old word for 'you'.
wisp	A thin little group of something, such as grass.
yoke	A bar of wood across the necks of two animals so that they can pull together.
